Flat_type,Storey_range,Floor_area_sqm,Remaining_months,Resale_price
3 ROOM,01 TO 03,65,825,340000
3 ROOM,04 TO 06,67,786,410000
3 ROOM,04 TO 06,67,783,355000
3 ROOM,07 TO 09,68,650,239000
4 ROOM,07 TO 09,84,808,455000
4 ROOM,04 TO 06,103,827,530888
4 ROOM,01 TO 03,89,797,480000
4 ROOM,10 TO 12,84,794,550000
4 ROOM,01 TO 03,84,789,470000
4 ROOM,04 TO 06,89,794,548000
4 ROOM,07 TO 09,105,794,668000
4 ROOM,04 TO 06,88,823,520000
4 ROOM,19 TO 21,116,875,655000
4 ROOM,25 TO 27,114,875,738000
4 ROOM,01 TO 03,112,872,575000
4 ROOM,04 TO 06,105,871,558000
4 ROOM,04 TO 06,95,1104,735000
4 ROOM,31 TO 33,95,1104,830000
4 ROOM,04 TO 06,104,875,570000
4 ROOM,19 TO 21,95,1103,810000
4 ROOM,01 TO 03,104,875,580000
4 ROOM,07 TO 09,105,845,575000
4 ROOM,07 TO 09,84,811,483000
5 ROOM,04 TO 06,133,807,735000
5 ROOM,07 TO 09,121,806,730000
5 ROOM,07 TO 09,122,820,725000
5 ROOM,19 TO 21,121,822,728000
5 ROOM,01 TO 03,122,828,630000
5 ROOM,07 TO 09,121,815,760000
5 ROOM,13 TO 15,121,828,778000
5 ROOM,10 TO 12,132,872,850000
5 ROOM,01 TO 03,121,875,818000
5 ROOM,28 TO 30,120,1104,1080000
5 ROOM,16 TO 18,120,1103,990000
5 ROOM,22 TO 24,120,1103,1000000
5 ROOM,04 TO 06,121,790,750000
5 ROOM,10 TO 12,121,783,711000
5 ROOM,01 TO 03,121,783,708000
5 ROOM,16 TO 18,120,846,730000
5 ROOM,22 TO 24,120,801,718000
5 ROOM,19 TO 21,120,801,750000
5 ROOM,04 TO 06,125,845,720000
5 ROOM,04 TO 06,136,649,515000
EXECUTIVE,07 TO 09,142,810,900000
EXECUTIVE,01 TO 03,146,872,875000
EXECUTIVE,04 TO 06,146,871,890000
3 ROOM,07 TO 09,64,795,417000
3 ROOM,01 TO 03,65,649,260000
4 ROOM,07 TO 09,84,813,465000
4 ROOM,04 TO 06,84,833,395000
4 ROOM,10 TO 12,83,806,465000
4 ROOM,10 TO 12,105,793,673000
4 ROOM,10 TO 12,84,795,548000
4 ROOM,07 TO 09,104,874,585000
4 ROOM,07 TO 09,105,871,605000
4 ROOM,10 TO 12,113,870,613000
4 ROOM,22 TO 24,102,944,755000
4 ROOM,01 TO 03,113,871,581888
4 ROOM,10 TO 12,104,874,609000
4 ROOM,04 TO 06,104,874,572000
4 ROOM,01 TO 03,106,873,518000
4 ROOM,07 TO 09,97,788,573000
4 ROOM,07 TO 09,89,802,522000
4 ROOM,04 TO 06,105,845,548000
5 ROOM,04 TO 06,122,817,610000
5 ROOM,01 TO 03,121,805,665000
5 ROOM,04 TO 06,121,828,710000
5 ROOM,07 TO 09,131,820,760000
5 ROOM,01 TO 03,121,807,680000
5 ROOM,01 TO 03,121,807,695000
5 ROOM,01 TO 03,131,827,590000
5 ROOM,01 TO 03,121,807,748000
5 ROOM,04 TO 06,131,874,745000
5 ROOM,10 TO 12,133,874,780000
5 ROOM,34 TO 36,120,1103,1076000
5 ROOM,01 TO 03,120,1102,857500
5 ROOM,10 TO 12,121,785,720000
EXECUTIVE,22 TO 24,163,807,996000
EXECUTIVE,22 TO 24,163,814,1138000
EXECUTIVE,22 TO 24,150,814,1098888
EXECUTIVE,01 TO 03,149,871,850000
EXECUTIVE,01 TO 03,149,838,830000
3 ROOM,07 TO 09,64,821,375000
3 ROOM,01 TO 03,67,780,367000
3 ROOM,04 TO 06,67,784,420000
4 ROOM,04 TO 06,84,808,420000
4 ROOM,07 TO 09,103,838,703000
4 ROOM,07 TO 09,84,815,458000
4 ROOM,07 TO 09,83,811,530000
4 ROOM,13 TO 15,104,794,650000
4 ROOM,04 TO 06,84,792,480000
4 ROOM,07 TO 09,84,794,495000
4 ROOM,10 TO 12,84,795,448000
4 ROOM,01 TO 03,103,825,515000
4 ROOM,04 TO 06,104,819,492000
4 ROOM,07 TO 09,103,826,548000
4 ROOM,04 TO 06,104,873,541000
4 ROOM,25 TO 27,95,1102,820000
4 ROOM,04 TO 06,100,943,618000
4 ROOM,19 TO 21,95,1102,795000
4 ROOM,04 TO 06,104,873,538000
4 ROOM,10 TO 12,92,784,523000
4 ROOM,10 TO 12,103,842,562000
5 ROOM,04 TO 06,122,816,632000
5 ROOM,16 TO 18,121,806,815000
5 ROOM,04 TO 06,123,825,675000
5 ROOM,16 TO 18,121,811,785000
5 ROOM,04 TO 06,139,869,850000
5 ROOM,04 TO 06,133,869,758000
5 ROOM,16 TO 18,121,944,813888
5 ROOM,10 TO 12,134,873,650000
5 ROOM,04 TO 06,123,845,675000
EXECUTIVE,22 TO 24,150,811,1010000
EXECUTIVE,01 TO 03,158,788,948000
EXECUTIVE,07 TO 09,158,788,1050000
3 ROOM,10 TO 12,64,808,363000
4 ROOM,10 TO 12,84,825,450000
4 ROOM,07 TO 09,104,824,525000
4 ROOM,01 TO 03,84,811,410000
4 ROOM,10 TO 12,83,811,440000
4 ROOM,04 TO 06,84,806,470000
4 ROOM,07 TO 09,83,813,510000
4 ROOM,10 TO 12,84,806,555000
4 ROOM,01 TO 03,83,814,515000
4 ROOM,10 TO 12,114,872,650000
4 ROOM,07 TO 09,105,869,590000
4 ROOM,01 TO 03,105,869,535000
4 ROOM,04 TO 06,104,872,518888
4 ROOM,19 TO 21,102,942,738888
4 ROOM,01 TO 03,104,872,430000
5 ROOM,01 TO 03,122,815,500000
5 ROOM,10 TO 12,121,806,795000
5 ROOM,10 TO 12,120,1101,980000
EXECUTIVE,10 TO 12,175,842,990000
3 ROOM,01 TO 03,64,789,370000
3 ROOM,10 TO 12,64,819,360000
3 ROOM,07 TO 09,67,785,446000
3 ROOM,04 TO 06,64,799,340000
4 ROOM,07 TO 09,84,813,470000
4 ROOM,04 TO 06,93,827,468888
4 ROOM,10 TO 12,84,793,505000
4 ROOM,07 TO 09,103,823,515000
4 ROOM,07 TO 09,84,791,500000
4 ROOM,07 TO 09,84,790,525000
4 ROOM,07 TO 09,84,810,478000
4 ROOM,10 TO 12,83,816,565000
4 ROOM,10 TO 12,83,817,560000
4 ROOM,04 TO 06,103,871,618000
4 ROOM,10 TO 12,116,871,648000
4 ROOM,07 TO 09,104,871,568000
4 ROOM,07 TO 09,103,871,600000
4 ROOM,04 TO 06,114,871,550000
4 ROOM,04 TO 06,106,871,535000
4 ROOM,04 TO 06,103,868,550000
4 ROOM,07 TO 09,112,871,614000
4 ROOM,01 TO 03,105,870,568000
4 ROOM,04 TO 06,103,871,530000
4 ROOM,13 TO 15,102,871,610000
4 ROOM,16 TO 18,102,870,630000
4 ROOM,04 TO 06,103,871,548000
4 ROOM,04 TO 06,104,871,548000
4 ROOM,07 TO 09,104,871,625000
4 ROOM,31 TO 33,95,1100,820000
4 ROOM,28 TO 30,95,1099,818000
5 ROOM,07 TO 09,121,811,660000
5 ROOM,07 TO 09,122,815,718000
5 ROOM,19 TO 21,123,941,820000
5 ROOM,19 TO 21,123,941,700000
5 ROOM,04 TO 06,121,783,800000
EXECUTIVE,10 TO 12,146,805,950000
EXECUTIVE,01 TO 03,146,871,770000
EXECUTIVE,07 TO 09,151,871,780000
EXECUTIVE,10 TO 12,148,868,930000
3 ROOM,01 TO 03,70,790,359000
3 ROOM,04 TO 06,67,782,403000
3 ROOM,10 TO 12,67,778,435000
3 ROOM,04 TO 06,67,778,408000
3 ROOM,07 TO 09,65,644,260000
4 ROOM,07 TO 09,84,793,460000
4 ROOM,01 TO 03,109,822,450000
4 ROOM,10 TO 12,84,791,550000
4 ROOM,07 TO 09,84,791,503000
4 ROOM,10 TO 12,105,792,582000
4 ROOM,13 TO 15,105,792,598888
4 ROOM,01 TO 03,84,791,438000
4 ROOM,01 TO 03,84,808,415000
4 ROOM,10 TO 12,103,870,553000
4 ROOM,22 TO 24,102,869,643000
4 ROOM,01 TO 03,107,870,535000
4 ROOM,04 TO 06,105,842,550000
4 ROOM,04 TO 06,95,777,500000
4 ROOM,10 TO 12,89,806,512000
5 ROOM,07 TO 09,123,822,660000
5 ROOM,19 TO 21,128,817,800000
5 ROOM,04 TO 06,131,813,720000
5 ROOM,10 TO 12,121,941,788000
5 ROOM,01 TO 03,120,1099,840000
5 ROOM,07 TO 09,120,1099,968000
5 ROOM,10 TO 12,123,841,750000
EXECUTIVE,01 TO 03,144,808,780000
EXECUTIVE,10 TO 12,147,785,1028000
3 ROOM,01 TO 03,64,803,370000
3 ROOM,07 TO 09,64,791,390000
3 ROOM,01 TO 03,64,791,380000
3 ROOM,01 TO 03,64,789,350000
3 ROOM,04 TO 06,64,797,375000
4 ROOM,01 TO 03,84,809,365000
4 ROOM,04 TO 06,84,826,405000
4 ROOM,07 TO 09,84,789,465000
4 ROOM,01 TO 03,84,809,339000
4 ROOM,01 TO 03,84,792,400000
4 ROOM,07 TO 09,84,791,488000
4 ROOM,01 TO 03,104,789,545000
4 ROOM,07 TO 09,105,790,638000
4 ROOM,04 TO 06,83,807,445000
4 ROOM,04 TO 06,83,813,483000
4 ROOM,10 TO 12,102,870,598000
4 ROOM,01 TO 03,112,869,500000
4 ROOM,04 TO 06,108,869,570000
4 ROOM,01 TO 03,105,869,460000
4 ROOM,25 TO 27,102,869,638000
4 ROOM,01 TO 03,113,865,572500
4 ROOM,01 TO 03,95,1098,715000
4 ROOM,01 TO 03,95,1098,745000
4 ROOM,10 TO 12,108,869,635000
4 ROOM,13 TO 15,107,869,600000
4 ROOM,04 TO 06,104,868,515000
4 ROOM,04 TO 06,103,839,573000
5 ROOM,01 TO 03,121,809,660000
5 ROOM,04 TO 06,121,800,668000
5 ROOM,01 TO 03,121,811,580000
5 ROOM,01 TO 03,121,803,620000
5 ROOM,01 TO 03,121,809,675000
5 ROOM,07 TO 09,121,939,690000
5 ROOM,13 TO 15,120,1098,996000
5 ROOM,04 TO 06,120,1097,920000
5 ROOM,10 TO 12,120,795,632000
EXECUTIVE,04 TO 06,146,809,920000
EXECUTIVE,19 TO 21,163,805,1145000
3 ROOM,01 TO 03,64,817,375000
3 ROOM,13 TO 15,64,797,363000
3 ROOM,07 TO 09,64,805,366000
4 ROOM,01 TO 03,113,833,550000
4 ROOM,04 TO 06,83,807,465000
4 ROOM,04 TO 06,84,789,545000
4 ROOM,10 TO 12,84,788,506000
4 ROOM,04 TO 06,83,813,465000
4 ROOM,07 TO 09,105,868,600000
4 ROOM,04 TO 06,103,864,590000
4 ROOM,13 TO 15,108,868,660000
4 ROOM,37 TO 39,95,1096,878000
4 ROOM,04 TO 06,109,840,550000
4 ROOM,13 TO 15,99,780,560000
4 ROOM,01 TO 03,105,837,500000
5 ROOM,04 TO 06,123,820,660000
5 ROOM,07 TO 09,121,802,678000
5 ROOM,07 TO 09,121,807,777000
5 ROOM,07 TO 09,123,820,655000
5 ROOM,04 TO 06,121,801,710000
5 ROOM,01 TO 03,121,807,680000
5 ROOM,19 TO 21,121,819,758888
5 ROOM,34 TO 36,120,1097,1056000
5 ROOM,28 TO 30,123,938,888000
5 ROOM,10 TO 12,123,938,665000
5 ROOM,19 TO 21,120,789,698888
EXECUTIVE,01 TO 03,144,814,770000
EXECUTIVE,19 TO 21,163,799,1008000
EXECUTIVE,04 TO 06,147,867,710000
EXECUTIVE,10 TO 12,146,868,863000
EXECUTIVE,10 TO 12,146,863,925000
EXECUTIVE,01 TO 03,150,784,965000
3 ROOM,01 TO 03,64,792,360000
3 ROOM,10 TO 12,64,812,378888
4 ROOM,04 TO 06,102,800,510000
4 ROOM,13 TO 15,103,832,720000
4 ROOM,10 TO 12,84,788,521000
4 ROOM,04 TO 06,104,781,590000
4 ROOM,04 TO 06,84,821,388000
4 ROOM,01 TO 03,112,867,590000
4 ROOM,04 TO 06,105,863,500000
4 ROOM,04 TO 06,103,864,550000
4 ROOM,04 TO 06,102,867,570000
4 ROOM,01 TO 03,105,834,450000
4 ROOM,01 TO 03,108,836,540000
5 ROOM,22 TO 24,121,807,833000
5 ROOM,04 TO 06,121,806,675000
5 ROOM,16 TO 18,121,805,678000
5 ROOM,01 TO 03,123,819,630000
5 ROOM,04 TO 06,121,812,638000
5 ROOM,13 TO 15,121,800,785000
5 ROOM,04 TO 06,126,818,690000
5 ROOM,01 TO 03,130,809,685000
5 ROOM,07 TO 09,132,867,780000
5 ROOM,13 TO 15,123,937,815000
5 ROOM,28 TO 30,120,1096,1080000
5 ROOM,10 TO 12,125,776,718000
5 ROOM,22 TO 24,125,837,760000
5 ROOM,07 TO 09,122,834,690000
5 ROOM,07 TO 09,120,837,700000
3 ROOM,01 TO 03,64,786,390000
3 ROOM,01 TO 03,64,816,405000
3 ROOM,07 TO 09,64,814,415000
3 ROOM,07 TO 09,64,814,395000
3 ROOM,07 TO 09,65,640,246000
4 ROOM,07 TO 09,84,799,470000
4 ROOM,01 TO 03,104,787,608000
4 ROOM,01 TO 03,84,819,390000
4 ROOM,01 TO 03,88,807,370000
4 ROOM,07 TO 09,84,810,460000
4 ROOM,04 TO 06,84,810,475000
4 ROOM,01 TO 03,104,866,515888
4 ROOM,01 TO 03,105,866,448000
4 ROOM,07 TO 09,103,863,620000
4 ROOM,07 TO 09,113,866,653000
4 ROOM,07 TO 09,102,866,595000
4 ROOM,04 TO 06,105,862,475000
4 ROOM,04 TO 06,112,866,550000
4 ROOM,04 TO 06,89,795,500000
5 ROOM,10 TO 12,121,806,748000
5 ROOM,07 TO 09,121,808,638000
5 ROOM,01 TO 03,120,807,715000
5 ROOM,01 TO 03,121,807,630000
5 ROOM,13 TO 15,121,817,742000
5 ROOM,10 TO 12,121,802,782000
5 ROOM,07 TO 09,121,808,765000
5 ROOM,07 TO 09,121,865,858000
5 ROOM,10 TO 12,134,866,710000
5 ROOM,13 TO 15,120,1095,860000
5 ROOM,31 TO 33,120,1094,1000000
5 ROOM,01 TO 03,120,836,635000
EXECUTIVE,04 TO 06,151,797,830000
EXECUTIVE,01 TO 03,146,797,850000
EXECUTIVE,01 TO 03,148,863,840000
EXECUTIVE,10 TO 12,146,866,885000
EXECUTIVE,13 TO 15,155,836,950000
MULTI-GENERATION,07 TO 09,147,812,840000
3 ROOM,07 TO 09,64,813,405000
3 ROOM,04 TO 06,64,813,375000
3 ROOM,01 TO 03,67,772,390000
3 ROOM,13 TO 15,67,776,450000
3 ROOM,10 TO 12,64,793,382000
3 ROOM,10 TO 12,65,639,266000
4 ROOM,04 TO 06,113,832,769000
4 ROOM,07 TO 09,84,779,505000
4 ROOM,07 TO 09,104,786,628000
4 ROOM,01 TO 03,84,784,475000
4 ROOM,04 TO 06,103,809,505000
4 ROOM,04 TO 06,90,811,550888
4 ROOM,04 TO 06,105,863,568000
4 ROOM,16 TO 18,102,863,650000
4 ROOM,07 TO 09,108,864,635000
4 ROOM,19 TO 21,100,935,610000
4 ROOM,01 TO 03,102,863,462000
4 ROOM,10 TO 12,102,935,628000
4 ROOM,07 TO 09,89,801,520000
5 ROOM,16 TO 18,121,800,750000
5 ROOM,19 TO 21,121,796,773888
5 ROOM,07 TO 09,121,803,725000
5 ROOM,07 TO 09,119,807,670000
5 ROOM,07 TO 09,120,805,740000
5 ROOM,10 TO 12,121,816,708888
5 ROOM,04 TO 06,119,807,668000
5 ROOM,13 TO 15,121,805,792000
5 ROOM,16 TO 18,121,801,800000
5 ROOM,10 TO 12,132,863,850000
5 ROOM,10 TO 12,133,864,790000
5 ROOM,19 TO 21,121,936,755888
5 ROOM,25 TO 27,123,935,868000
5 ROOM,10 TO 12,120,1093,1050000
5 ROOM,22 TO 24,120,787,720000
5 ROOM,01 TO 03,120,791,558000
EXECUTIVE,04 TO 06,151,802,858000
EXECUTIVE,10 TO 12,146,806,905000
EXECUTIVE,07 TO 09,146,799,920000
EXECUTIVE,04 TO 06,146,863,838000
EXECUTIVE,04 TO 06,149,862,858000
EXECUTIVE,01 TO 03,148,782,968000
MULTI-GENERATION,10 TO 12,165,803,930000
4 ROOM,01 TO 03,104,786,590000
4 ROOM,04 TO 06,84,778,488000
4 ROOM,01 TO 03,84,797,450000
4 ROOM,19 TO 21,106,864,688888
4 ROOM,10 TO 12,103,864,553000
4 ROOM,07 TO 09,105,864,560000
4 ROOM,04 TO 06,107,864,519888
4 ROOM,01 TO 03,116,864,560000
4 ROOM,07 TO 09,118,861,625000
4 ROOM,04 TO 06,103,864,562000
4 ROOM,04 TO 06,104,864,565000
4 ROOM,10 TO 12,109,863,595000
4 ROOM,04 TO 06,103,863,570000
4 ROOM,07 TO 09,103,834,602000
4 ROOM,01 TO 03,89,792,493000
5 ROOM,19 TO 21,131,809,815000
5 ROOM,01 TO 03,121,863,768000
5 ROOM,10 TO 12,133,863,818000
5 ROOM,19 TO 21,121,934,825000
5 ROOM,07 TO 09,132,861,822000
5 ROOM,22 TO 24,120,1091,1065000
5 ROOM,19 TO 21,120,1091,1000000
5 ROOM,01 TO 03,125,775,750000
5 ROOM,04 TO 06,121,778,680000
EXECUTIVE,13 TO 15,144,802,850000
EXECUTIVE,01 TO 03,152,795,795000
EXECUTIVE,04 TO 06,146,798,873000
EXECUTIVE,01 TO 03,149,861,808000
EXECUTIVE,01 TO 03,149,783,905000
3 ROOM,01 TO 03,64,781,386100
3 ROOM,07 TO 09,64,809,410000
3 ROOM,07 TO 09,67,774,390000
4 ROOM,04 TO 06,105,786,550000
4 ROOM,10 TO 12,84,783,525000
4 ROOM,07 TO 09,105,784,620000
4 ROOM,10 TO 12,84,810,572000
4 ROOM,07 TO 09,104,863,556000
4 ROOM,40 TO 42,95,1091,900000
4 ROOM,10 TO 12,103,834,573000
4 ROOM,10 TO 12,89,791,508000
4 ROOM,04 TO 06,103,830,500000
4 ROOM,07 TO 09,105,830,560000
5 ROOM,04 TO 06,121,801,650000
5 ROOM,19 TO 21,121,807,738000
5 ROOM,16 TO 18,121,814,735000
5 ROOM,01 TO 03,121,805,638000
5 ROOM,16 TO 18,121,796,850000
5 ROOM,07 TO 09,132,860,788000
5 ROOM,07 TO 09,132,860,770000
5 ROOM,04 TO 06,134,863,665000
5 ROOM,07 TO 09,121,863,850000
5 ROOM,04 TO 06,121,772,690000
5 ROOM,10 TO 12,121,774,728000
5 ROOM,04 TO 06,120,790,630000
5 ROOM,22 TO 24,120,790,700000
5 ROOM,16 TO 18,120,784,680000
5 ROOM,01 TO 03,122,831,600000
5 ROOM,13 TO 15,120,789,657700
5 ROOM,10 TO 12,136,637,473000
EXECUTIVE,07 TO 09,143,794,840000
EXECUTIVE,01 TO 03,146,797,838888
EXECUTIVE,10 TO 12,151,862,830000
EXECUTIVE,01 TO 03,148,859,800000
EXECUTIVE,07 TO 09,158,778,1040000
3 ROOM,07 TO 09,67,774,405000
3 ROOM,07 TO 09,67,769,385000
3 ROOM,10 TO 12,64,790,390000
4 ROOM,10 TO 12,84,805,448000
4 ROOM,10 TO 12,105,784,580000
4 ROOM,01 TO 03,104,784,572000
4 ROOM,07 TO 09,84,781,500000
4 ROOM,01 TO 03,104,811,480000
4 ROOM,01 TO 03,104,776,460000
4 ROOM,04 TO 06,83,807,458000
4 ROOM,01 TO 03,84,807,395000
4 ROOM,07 TO 09,112,862,606888
4 ROOM,19 TO 21,103,862,640000
4 ROOM,01 TO 03,115,862,548000
4 ROOM,07 TO 09,106,862,528000
4 ROOM,07 TO 09,105,862,580000
4 ROOM,04 TO 06,105,862,562000
4 ROOM,07 TO 09,104,861,568000
4 ROOM,16 TO 18,103,862,602000
4 ROOM,01 TO 03,108,860,520000
4 ROOM,01 TO 03,109,859,566000
4 ROOM,01 TO 03,116,859,560000
4 ROOM,07 TO 09,104,859,570000
4 ROOM,01 TO 03,104,862,480000
4 ROOM,04 TO 06,95,774,535888
4 ROOM,04 TO 06,95,776,514000
4 ROOM,10 TO 12,89,790,530000
4 ROOM,04 TO 06,88,645,328000
5 ROOM,13 TO 15,121,795,748000
5 ROOM,19 TO 21,121,796,765000
5 ROOM,07 TO 09,121,803,698000
5 ROOM,04 TO 06,127,813,690000
5 ROOM,10 TO 12,133,862,750000
5 ROOM,16 TO 18,121,932,821888
5 ROOM,04 TO 06,136,862,865000
5 ROOM,16 TO 18,135,859,795000
5 ROOM,19 TO 21,125,830,780000
5 ROOM,07 TO 09,122,831,680000
MULTI-GENERATION,01 TO 03,165,800,905000
3 ROOM,01 TO 03,64,788,375000
3 ROOM,01 TO 03,67,770,380000
3 ROOM,10 TO 12,65,636,270000
3 ROOM,07 TO 09,68,635,265000
4 ROOM,07 TO 09,115,826,723000
4 ROOM,10 TO 12,84,804,450000
4 ROOM,01 TO 03,84,782,445000
4 ROOM,04 TO 06,84,782,475000
4 ROOM,04 TO 06,103,802,475000
4 ROOM,10 TO 12,83,795,540000
4 ROOM,04 TO 06,83,805,448000
4 ROOM,01 TO 03,107,858,488000
4 ROOM,01 TO 03,112,861,590000
4 ROOM,10 TO 12,105,861,590000
4 ROOM,10 TO 12,106,857,595000
4 ROOM,07 TO 09,104,860,558000
4 ROOM,10 TO 12,103,858,620000
4 ROOM,01 TO 03,105,858,570000
4 ROOM,19 TO 21,102,931,693000
4 ROOM,10 TO 12,104,861,560000
4 ROOM,10 TO 12,101,861,460000
4 ROOM,04 TO 06,105,831,562000
5 ROOM,04 TO 06,123,814,648888
5 ROOM,04 TO 06,121,800,675000
5 ROOM,19 TO 21,121,807,800000
5 ROOM,13 TO 15,131,815,755000
5 ROOM,01 TO 03,131,812,705000
5 ROOM,07 TO 09,121,795,720000
5 ROOM,04 TO 06,121,805,690000
5 ROOM,04 TO 06,121,861,820000
5 ROOM,07 TO 09,120,1089,988000
5 ROOM,07 TO 09,123,833,698000
EXECUTIVE,10 TO 12,146,801,925000
EXECUTIVE,01 TO 03,152,792,802888
EXECUTIVE,04 TO 06,147,858,880000
MULTI-GENERATION,10 TO 12,169,799,988888
3 ROOM,04 TO 06,64,805,381800
3 ROOM,07 TO 09,65,634,257000
4 ROOM,04 TO 06,84,793,415000
4 ROOM,07 TO 09,105,781,650000
4 ROOM,04 TO 06,104,781,630000
4 ROOM,07 TO 09,90,782,460000
4 ROOM,04 TO 06,105,781,615000
4 ROOM,07 TO 09,84,781,518000
4 ROOM,01 TO 03,84,794,450000
4 ROOM,01 TO 03,83,801,502000
4 ROOM,13 TO 15,103,860,588000
4 ROOM,10 TO 12,105,860,600000
4 ROOM,04 TO 06,105,860,585000
4 ROOM,01 TO 03,107,857,503000
4 ROOM,13 TO 15,108,860,608000
4 ROOM,04 TO 06,106,856,560000
4 ROOM,04 TO 06,100,930,580000
4 ROOM,04 TO 06,108,860,630000
4 ROOM,40 TO 42,95,1089,980000
4 ROOM,01 TO 03,112,860,540000
4 ROOM,04 TO 06,92,775,500000
4 ROOM,07 TO 09,92,775,528000
4 ROOM,10 TO 12,103,830,560000
4 ROOM,10 TO 12,88,643,380000
5 ROOM,19 TO 21,121,795,765000
5 ROOM,04 TO 06,121,799,700000
5 ROOM,07 TO 09,121,798,665000
5 ROOM,16 TO 18,121,793,670000
5 ROOM,07 TO 09,122,813,658000
5 ROOM,16 TO 18,131,811,788000
5 ROOM,19 TO 21,121,930,760000
5 ROOM,10 TO 12,121,768,728888
EXECUTIVE,07 TO 09,150,857,890000
EXECUTIVE,22 TO 24,160,830,1010000
3 ROOM,04 TO 06,64,780,387000
3 ROOM,01 TO 03,64,804,328000
3 ROOM,01 TO 03,67,773,373000
4 ROOM,01 TO 03,84,816,392000
4 ROOM,04 TO 06,93,818,420000
4 ROOM,04 TO 06,84,773,480000
4 ROOM,04 TO 06,84,774,510000
4 ROOM,07 TO 09,83,791,472000
4 ROOM,07 TO 09,104,811,480000
4 ROOM,07 TO 09,84,811,440000
4 ROOM,07 TO 09,84,781,510000
4 ROOM,01 TO 03,104,780,590000
4 ROOM,04 TO 06,85,805,445000
4 ROOM,01 TO 03,112,859,555000
4 ROOM,04 TO 06,109,856,508000
4 ROOM,10 TO 12,113,855,600000
4 ROOM,13 TO 15,108,858,670000
4 ROOM,07 TO 09,102,855,555000
4 ROOM,04 TO 06,103,855,485000
4 ROOM,28 TO 30,95,1088,888888
5 ROOM,04 TO 06,121,790,690000
5 ROOM,01 TO 03,121,797,650000
5 ROOM,01 TO 03,121,792,672000
5 ROOM,13 TO 15,121,803,707000
5 ROOM,13 TO 15,121,812,640000
5 ROOM,10 TO 12,131,802,780000
5 ROOM,01 TO 03,122,803,685000
5 ROOM,10 TO 12,139,856,800000
5 ROOM,04 TO 06,133,855,698000
5 ROOM,07 TO 09,121,929,690000
5 ROOM,13 TO 15,120,1087,860000
5 ROOM,04 TO 06,123,829,690000
5 ROOM,10 TO 12,125,828,700000
5 ROOM,10 TO 12,125,829,690000
EXECUTIVE,01 TO 03,151,790,780000
EXECUTIVE,04 TO 06,146,793,940000
EXECUTIVE,01 TO 03,142,793,850000
EXECUTIVE,04 TO 06,150,859,880000
EXECUTIVE,04 TO 06,149,858,815000
EXECUTIVE,04 TO 06,149,855,913000
3 ROOM,04 TO 06,64,806,380000
4 ROOM,07 TO 09,104,780,592500
4 ROOM,07 TO 09,105,779,640000
4 ROOM,04 TO 06,84,779,450000
4 ROOM,01 TO 03,105,780,550000
4 ROOM,07 TO 09,84,806,572500
4 ROOM,04 TO 06,112,858,590000
4 ROOM,19 TO 21,116,858,680000
4 ROOM,10 TO 12,103,857,550000
4 ROOM,01 TO 03,105,854,550000
4 ROOM,04 TO 06,105,855,468000
4 ROOM,01 TO 03,103,858,475000
4 ROOM,10 TO 12,100,928,615000
4 ROOM,10 TO 12,104,857,510000
4 ROOM,04 TO 06,107,827,542000
5 ROOM,10 TO 12,121,790,683000
5 ROOM,01 TO 03,130,801,610000
5 ROOM,04 TO 06,121,791,755000
5 ROOM,19 TO 21,121,795,850000
5 ROOM,13 TO 15,131,803,705000
5 ROOM,01 TO 03,121,809,658888
5 ROOM,04 TO 06,121,857,845000
5 ROOM,13 TO 15,121,928,735000
5 ROOM,07 TO 09,120,785,625000
5 ROOM,04 TO 06,120,784,640000
EXECUTIVE,01 TO 03,147,855,858000
EXECUTIVE,01 TO 03,149,777,845000
3 ROOM,01 TO 03,64,775,325000
3 ROOM,10 TO 12,67,771,399000
3 ROOM,01 TO 03,67,768,400000
3 ROOM,04 TO 06,68,631,210000
4 ROOM,04 TO 06,103,822,715000
4 ROOM,04 TO 06,103,797,480000
4 ROOM,04 TO 06,91,782,490000
4 ROOM,07 TO 09,84,796,460000
4 ROOM,07 TO 09,84,790,500000
4 ROOM,01 TO 03,84,810,390000
4 ROOM,04 TO 06,84,810,395000
4 ROOM,01 TO 03,105,854,570000
4 ROOM,01 TO 03,106,858,502888
4 ROOM,01 TO 03,110,857,490000
4 ROOM,07 TO 09,114,857,618000
4 ROOM,07 TO 09,107,854,580000
4 ROOM,04 TO 06,105,857,500000
4 ROOM,10 TO 12,103,857,518000
4 ROOM,04 TO 06,103,856,582888
4 ROOM,01 TO 03,108,857,450000
4 ROOM,01 TO 03,104,857,511000
4 ROOM,04 TO 06,102,927,600000
4 ROOM,16 TO 18,95,1086,860000
4 ROOM,04 TO 06,106,857,580000
4 ROOM,07 TO 09,103,857,565000
4 ROOM,13 TO 15,89,793,550000
4 ROOM,04 TO 06,105,824,525000
5 ROOM,04 TO 06,127,822,800000
5 ROOM,01 TO 03,121,795,680000
5 ROOM,13 TO 15,128,804,745000
5 ROOM,04 TO 06,121,797,665000
5 ROOM,04 TO 06,132,857,775000
5 ROOM,07 TO 09,128,856,860000
5 ROOM,19 TO 21,120,1086,1082000
5 ROOM,04 TO 06,120,1085,825000
5 ROOM,19 TO 21,123,927,740000
5 ROOM,10 TO 12,120,828,645000
5 ROOM,10 TO 12,120,825,600000
5 ROOM,04 TO 06,120,778,652000
EXECUTIVE,01 TO 03,149,853,805000
3 ROOM,10 TO 12,64,785,380000
4 ROOM,10 TO 12,103,856,595000
4 ROOM,07 TO 09,103,856,520000
4 ROOM,10 TO 12,95,1085,808000
5 ROOM,13 TO 15,121,810,670000
5 ROOM,07 TO 09,121,794,770000
EXECUTIVE,10 TO 12,146,797,925000
4 ROOM,07 TO 09,84,800,425000
4 ROOM,04 TO 06,104,856,555000
3 ROOM,01 TO 03,70,788,363000
3 ROOM,07 TO 09,64,777,412800
3 ROOM,10 TO 12,67,630,216000
3 ROOM,10 TO 12,65,629,250000
4 ROOM,01 TO 03,103,808,468000
4 ROOM,04 TO 06,103,809,457000
4 ROOM,04 TO 06,104,808,507000
4 ROOM,07 TO 09,84,794,475000
4 ROOM,04 TO 06,103,798,550000
4 ROOM,07 TO 09,84,799,480000
4 ROOM,01 TO 03,102,926,575000
4 ROOM,04 TO 06,104,856,568000
4 ROOM,10 TO 12,104,855,575000
4 ROOM,13 TO 15,116,855,635000
4 ROOM,07 TO 09,105,851,590000
4 ROOM,04 TO 06,107,852,510000
4 ROOM,19 TO 21,102,855,638000
4 ROOM,01 TO 03,107,851,475000
4 ROOM,04 TO 06,104,856,555000
4 ROOM,04 TO 06,107,856,510000
4 ROOM,07 TO 09,95,1085,815000
4 ROOM,13 TO 15,108,855,692888
4 ROOM,34 TO 36,95,1083,910000
4 ROOM,04 TO 06,110,828,507000
4 ROOM,01 TO 03,100,762,567500
4 ROOM,04 TO 06,105,827,555000
4 ROOM,07 TO 09,89,783,535000
4 ROOM,07 TO 09,84,792,473000
5 ROOM,10 TO 12,121,788,723000
5 ROOM,01 TO 03,122,800,590000
5 ROOM,10 TO 12,121,796,833800
5 ROOM,07 TO 09,121,807,678000
5 ROOM,19 TO 21,120,1084,1070000
5 ROOM,07 TO 09,120,1084,970000
5 ROOM,16 TO 18,120,824,700000
5 ROOM,13 TO 15,120,776,690000
EXECUTIVE,04 TO 06,146,796,930000
EXECUTIVE,04 TO 06,141,852,870000
EXECUTIVE,07 TO 09,148,854,740000
EXECUTIVE,01 TO 03,146,854,825000
EXECUTIVE,04 TO 06,146,854,820000
EXECUTIVE,04 TO 06,146,852,975000
EXECUTIVE,19 TO 21,149,856,880000
3 ROOM,04 TO 06,64,771,330000
3 ROOM,01 TO 03,76,762,400000
3 ROOM,01 TO 03,64,781,330000
3 ROOM,07 TO 09,68,627,295000
3 ROOM,10 TO 12,65,627,264500
4 ROOM,04 TO 06,103,821,680000
4 ROOM,10 TO 12,103,819,610000
4 ROOM,07 TO 09,84,786,465000
4 ROOM,07 TO 09,83,791,485000
4 ROOM,07 TO 09,83,794,475000
4 ROOM,10 TO 12,83,795,550000
4 ROOM,10 TO 12,86,787,530000
4 ROOM,01 TO 03,107,853,518000
4 ROOM,04 TO 06,104,851,520000
5 ROOM,04 TO 06,122,787,630000
5 ROOM,07 TO 09,130,806,688000
5 ROOM,07 TO 09,121,792,688000
5 ROOM,01 TO 03,121,807,650000
5 ROOM,04 TO 06,123,786,852000
5 ROOM,04 TO 06,131,806,780000
5 ROOM,04 TO 06,127,799,730000
5 ROOM,04 TO 06,121,786,550000
5 ROOM,01 TO 03,132,852,875000
5 ROOM,28 TO 30,120,1083,1060000
5 ROOM,13 TO 15,120,1083,1050000
5 ROOM,07 TO 09,120,824,600000
EXECUTIVE,10 TO 12,143,791,930000
EXECUTIVE,22 TO 24,150,787,1080000
3 ROOM,01 TO 03,64,777,365000
3 ROOM,07 TO 09,68,626,260000
4 ROOM,04 TO 06,84,773,470000
4 ROOM,04 TO 06,89,771,530000
4 ROOM,04 TO 06,83,797,520000
4 ROOM,04 TO 06,90,798,575300
4 ROOM,07 TO 09,84,796,418000
4 ROOM,04 TO 06,88,796,430000
4 ROOM,01 TO 03,105,852,520000
4 ROOM,10 TO 12,103,852,565000
4 ROOM,01 TO 03,105,849,480000
4 ROOM,04 TO 06,103,852,570000
4 ROOM,04 TO 06,112,852,610000
4 ROOM,01 TO 03,100,758,558000
4 ROOM,01 TO 03,105,822,506000
5 ROOM,10 TO 12,121,790,773000
5 ROOM,13 TO 15,121,792,836800
5 ROOM,19 TO 21,121,797,760000
5 ROOM,04 TO 06,121,805,635888
5 ROOM,10 TO 12,123,923,752000
5 ROOM,01 TO 03,132,852,750000
5 ROOM,07 TO 09,121,922,780000
5 ROOM,04 TO 06,120,1081,840000
5 ROOM,01 TO 03,120,1079,830000
5 ROOM,22 TO 24,120,1080,1080000
5 ROOM,16 TO 18,125,823,735000
EXECUTIVE,01 TO 03,144,802,810000
EXECUTIVE,07 TO 09,143,852,922500
EXECUTIVE,01 TO 03,149,852,760000
EXECUTIVE,07 TO 09,146,852,888000
EXECUTIVE,04 TO 06,146,849,828000
EXECUTIVE,10 TO 12,186,823,958000
EXECUTIVE,01 TO 03,155,771,845000
3 ROOM,07 TO 09,64,773,415000
3 ROOM,01 TO 03,64,797,400000
3 ROOM,01 TO 03,73,761,395000
3 ROOM,10 TO 12,68,625,238000
3 ROOM,04 TO 06,65,625,256000
4 ROOM,07 TO 09,84,794,445000
4 ROOM,01 TO 03,84,770,475000
4 ROOM,04 TO 06,83,783,488000
4 ROOM,07 TO 09,84,773,499000
4 ROOM,01 TO 03,104,794,470000
4 ROOM,07 TO 09,112,851,560000
4 ROOM,10 TO 12,104,851,573000
4 ROOM,04 TO 06,106,848,565000
4 ROOM,04 TO 06,103,851,570000
4 ROOM,07 TO 09,103,848,572000
4 ROOM,04 TO 06,105,851,538000
4 ROOM,16 TO 18,108,851,610000
4 ROOM,01 TO 03,95,1080,670000
4 ROOM,04 TO 06,103,852,565000
4 ROOM,04 TO 06,102,921,563000
4 ROOM,01 TO 03,101,921,450000
4 ROOM,07 TO 09,104,851,560000
4 ROOM,01 TO 03,101,851,435000
4 ROOM,04 TO 06,109,823,545000
4 ROOM,04 TO 06,92,766,528000
4 ROOM,07 TO 09,105,821,538000
4 ROOM,01 TO 03,105,823,532000
4 ROOM,04 TO 06,88,635,355000
5 ROOM,07 TO 09,121,790,670000
5 ROOM,04 TO 06,119,803,600000
5 ROOM,01 TO 03,121,783,630000
5 ROOM,04 TO 06,121,789,650000
5 ROOM,16 TO 18,121,785,850000
5 ROOM,07 TO 09,121,804,708000
5 ROOM,07 TO 09,121,790,780000
5 ROOM,04 TO 06,121,788,750000
5 ROOM,07 TO 09,121,851,785000
5 ROOM,13 TO 15,123,921,790000
5 ROOM,10 TO 12,135,848,780000
5 ROOM,25 TO 27,123,922,838000
5 ROOM,13 TO 15,120,1080,965000
5 ROOM,10 TO 12,121,921,750000
EXECUTIVE,13 TO 15,154,851,1044888
EXECUTIVE,01 TO 03,148,851,728000
EXECUTIVE,01 TO 03,141,847,880000
EXECUTIVE,10 TO 12,187,821,980000
3 ROOM,01 TO 03,64,784,385000
3 ROOM,01 TO 03,64,796,390000
3 ROOM,01 TO 03,67,758,380000
3 ROOM,04 TO 06,67,757,377000
3 ROOM,04 TO 06,64,779,371000
3 ROOM,10 TO 12,65,625,268000
3 ROOM,04 TO 06,65,625,250000
3 ROOM,10 TO 12,67,624,280000
4 ROOM,04 TO 06,84,785,430000
4 ROOM,10 TO 12,105,772,638000
4 ROOM,04 TO 06,84,772,370000
4 ROOM,01 TO 03,83,792,420000
4 ROOM,01 TO 03,83,789,470000
4 ROOM,07 TO 09,83,794,465000
4 ROOM,16 TO 18,108,851,681000
4 ROOM,22 TO 24,106,850,688000
4 ROOM,01 TO 03,108,850,475000
4 ROOM,13 TO 15,105,850,585000
4 ROOM,01 TO 03,104,850,490000
4 ROOM,01 TO 03,103,847,560000
4 ROOM,07 TO 09,105,850,638000
4 ROOM,28 TO 30,95,1079,840000
4 ROOM,01 TO 03,108,850,495000
4 ROOM,28 TO 30,95,1079,860000
4 ROOM,25 TO 27,95,1079,883000
4 ROOM,07 TO 09,92,764,580000
4 ROOM,04 TO 06,89,786,500000
4 ROOM,07 TO 09,105,819,580000
5 ROOM,07 TO 09,122,785,640000
5 ROOM,07 TO 09,122,792,625000
5 ROOM,10 TO 12,122,803,696800
5 ROOM,13 TO 15,121,785,760000
5 ROOM,04 TO 06,122,802,718000
5 ROOM,19 TO 21,121,783,768000
5 ROOM,04 TO 06,121,783,720000
5 ROOM,04 TO 06,128,802,680000
5 ROOM,22 TO 24,121,781,760000
5 ROOM,19 TO 21,131,804,745000
5 ROOM,07 TO 09,121,791,690000
5 ROOM,01 TO 03,120,790,680000
5 ROOM,28 TO 30,120,1079,1208000
5 ROOM,07 TO 09,121,921,725000
5 ROOM,19 TO 21,120,771,750000
5 ROOM,04 TO 06,120,820,648000
EXECUTIVE,19 TO 21,163,786,1128000
EXECUTIVE,10 TO 12,148,850,868000
EXECUTIVE,07 TO 09,147,850,900000
EXECUTIVE,01 TO 03,146,850,888888
EXECUTIVE,04 TO 06,146,850,868000
EXECUTIVE,07 TO 09,146,766,990000
MULTI-GENERATION,04 TO 06,160,790,940000
3 ROOM,01 TO 03,64,807,298000
3 ROOM,01 TO 03,64,771,369000
3 ROOM,01 TO 03,64,770,335000
3 ROOM,01 TO 03,63,784,365000
3 ROOM,07 TO 09,64,794,400000
3 ROOM,01 TO 03,67,760,370000
3 ROOM,10 TO 12,68,624,275000
3 ROOM,07 TO 09,65,624,265000
4 ROOM,07 TO 09,84,790,450000
4 ROOM,10 TO 12,84,771,545000
4 ROOM,04 TO 06,84,772,458000
4 ROOM,07 TO 09,105,772,525000
4 ROOM,07 TO 09,84,771,458000
4 ROOM,10 TO 12,84,772,485000
4 ROOM,01 TO 03,84,802,418000
4 ROOM,04 TO 06,105,770,600000
4 ROOM,04 TO 06,103,802,582000
4 ROOM,07 TO 09,103,802,515000
4 ROOM,10 TO 12,84,769,508888
4 ROOM,04 TO 06,105,772,490000
4 ROOM,07 TO 09,104,770,640000
4 ROOM,10 TO 12,84,770,530000
4 ROOM,07 TO 09,84,769,508000
4 ROOM,01 TO 03,84,771,453000
4 ROOM,01 TO 03,103,803,488800
4 ROOM,07 TO 09,84,803,410000
4 ROOM,04 TO 06,83,784,537000
4 ROOM,07 TO 09,104,850,520000
4 ROOM,04 TO 06,117,850,660000
4 ROOM,07 TO 09,106,850,512000
4 ROOM,01 TO 03,108,849,468000
4 ROOM,07 TO 09,103,849,592888
4 ROOM,01 TO 03,115,845,582000
4 ROOM,07 TO 09,104,849,588000
4 ROOM,04 TO 06,103,849,517400
4 ROOM,04 TO 06,97,761,550000
5 ROOM,04 TO 06,122,790,645000
5 ROOM,07 TO 09,121,784,735000
5 ROOM,04 TO 06,121,783,690000
5 ROOM,04 TO 06,121,788,662888
5 ROOM,01 TO 03,121,788,633000
5 ROOM,04 TO 06,121,792,660000
5 ROOM,10 TO 12,121,783,780000
5 ROOM,01 TO 03,121,794,620000
5 ROOM,07 TO 09,127,796,650000
5 ROOM,04 TO 06,121,792,627000
5 ROOM,07 TO 09,119,792,705000
5 ROOM,01 TO 03,121,850,733888
5 ROOM,04 TO 06,133,850,765000
5 ROOM,04 TO 06,139,846,715000
5 ROOM,04 TO 06,134,849,680000
5 ROOM,31 TO 33,120,1078,950000
5 ROOM,10 TO 12,123,920,805000
5 ROOM,13 TO 15,123,919,800000
5 ROOM,01 TO 03,121,764,678000
5 ROOM,01 TO 03,120,819,635000
EXECUTIVE,01 TO 03,143,781,780000
EXECUTIVE,19 TO 21,150,786,1028000
EXECUTIVE,01 TO 03,151,849,820000
EXECUTIVE,07 TO 09,150,847,950000
3 ROOM,01 TO 03,64,769,328000
3 ROOM,04 TO 06,64,794,393000
3 ROOM,07 TO 09,67,757,468000
3 ROOM,04 TO 06,67,758,410000
3 ROOM,10 TO 12,64,777,390000
3 ROOM,10 TO 12,68,623,263000
3 ROOM,07 TO 09,65,622,265000
3 ROOM,07 TO 09,65,622,275000
4 ROOM,10 TO 12,84,770,520000
4 ROOM,04 TO 06,84,788,450000
4 ROOM,01 TO 03,104,801,480000
4 ROOM,01 TO 03,105,772,500000
4 ROOM,01 TO 03,89,767,500000
4 ROOM,10 TO 12,84,787,499998
4 ROOM,04 TO 06,84,772,485000
4 ROOM,10 TO 12,84,770,516000
4 ROOM,10 TO 12,84,767,492000
4 ROOM,01 TO 03,90,795,530000
4 ROOM,04 TO 06,84,802,445000
4 ROOM,07 TO 09,84,793,438000
4 ROOM,04 TO 06,84,801,440000
4 ROOM,01 TO 03,107,849,548000
4 ROOM,07 TO 09,105,846,590000
4 ROOM,01 TO 03,112,849,520000
4 ROOM,01 TO 03,105,848,525000
4 ROOM,04 TO 06,103,848,578000
4 ROOM,04 TO 06,104,848,525000
4 ROOM,07 TO 09,105,848,580000
4 ROOM,04 TO 06,104,845,570000
4 ROOM,07 TO 09,109,845,570000
4 ROOM,10 TO 12,106,849,650000
4 ROOM,07 TO 09,104,848,570000
4 ROOM,19 TO 21,103,848,652000
4 ROOM,04 TO 06,102,918,560000
4 ROOM,01 TO 03,102,918,515000
4 ROOM,10 TO 12,103,819,570000
4 ROOM,01 TO 03,105,820,540000
5 ROOM,04 TO 06,122,782,660000
5 ROOM,07 TO 09,123,801,698000
5 ROOM,10 TO 12,121,787,723000
5 ROOM,04 TO 06,121,787,670000
5 ROOM,07 TO 09,122,792,655000
5 ROOM,07 TO 09,119,800,678500
5 ROOM,07 TO 09,130,800,780000
5 ROOM,07 TO 09,121,786,820000
5 ROOM,13 TO 15,131,792,763888
5 ROOM,13 TO 15,131,794,780000
5 ROOM,01 TO 03,130,790,608000
5 ROOM,13 TO 15,131,800,758000
5 ROOM,01 TO 03,120,788,625000
5 ROOM,07 TO 09,121,787,790000
5 ROOM,04 TO 06,121,845,840000
5 ROOM,07 TO 09,121,848,880800
5 ROOM,04 TO 06,127,845,810000
5 ROOM,34 TO 36,120,1077,1180000
5 ROOM,37 TO 39,120,1077,1075000
5 ROOM,25 TO 27,120,1077,1218888
5 ROOM,13 TO 15,120,818,715000
5 ROOM,10 TO 12,121,763,730000
5 ROOM,10 TO 12,125,819,700000
EXECUTIVE,10 TO 12,151,780,908000
EXECUTIVE,22 TO 24,150,781,980000
EXECUTIVE,01 TO 03,146,780,850000
EXECUTIVE,01 TO 03,149,789,825000
EXECUTIVE,01 TO 03,146,789,905000
EXECUTIVE,19 TO 21,150,782,1058000
EXECUTIVE,04 TO 06,146,788,908888
EXECUTIVE,07 TO 09,147,849,860000
EXECUTIVE,04 TO 06,147,849,860000
EXECUTIVE,04 TO 06,146,845,910000
EXECUTIVE,01 TO 03,149,845,880000
